time,confs,efficiency
7611.83,3632,0.4771520121
7617.587,3632,0.4767914039
7700.54,3632,0.4716552346
7665.1,3632,0.4738359578
7518.681,3632,0.4830634522
