time,confs,efficiency
5024.941,3196,0.6360273683
5154.409,3196,0.6200516878
5144.149,3196,0.6212883803
5202.145,3196,0.6143619603
5084.641,3196,0.6285596171
