time,confs,efficiency
6628.434,3551,0.5357223139
6692.144,3551,0.5306221743
6687.837,3551,0.5309638976
6583.757,3551,0.539357695
6642.037,3551,0.5346251459
