time,conf,efficiency
5932.816,3199,0.5392043171
5942.455,3199,0.5383296971
5738.387,3199,0.5574737291
5869.311,3199,0.545038421
5328.648,3199,0.6003398986
