time,confs,efficiency
8618.009,4427,0.5136917355
8325.301,4427,0.5317525456
8230.734,4427,0.5378621153
8275.81,4427,0.5349325323
8347.905,4427,0.5303126952
