time,confs,efficiency
8458.279,4434,0.5242201162
8355.924,4434,0.5306414946
8372.361,4434,0.5295997151
8346.559,4434,0.5312368846
8341.091,4434,0.5315851368
