time,confs,efficiency
2079.712,404,0.1942576664
2122.353,404,0.1903547619
2119.607,404,0.1906013709
2110.319,404,0.1914402515
2055.69,404,0.1965276866
