time,confs,efficiency
4855.306,3190,0.6570131728
4836.388,3190,0.6595831435
4919.953,3190,0.6483801776
4793.498,3190,0.6654847879
4824.601,3190,0.6611945734
