time,confs,efficiency
5679.675,3189,0.5614757887
5801.023,3189,0.5497306251
5662.867,3189,0.5631423094
5679.356,3189,0.5615073258
5638.713,3189,0.5655545867
