time,conf,efficiency
19.739,7802.4,395.2783828968
17.949,7802.4,434.6983118837
19.602,7802.4,398.0410162228
20.13,7802.4,387.6005961252
19.226,7802.4,405.8254447103
