time,conf,efficiency
23.426,6392,272.8592162554
25.033,6392,255.3429473096
24.111,6392,265.1072124756
25.632,6392,249.3757802747
23.905,6392,267.3917590462
