time,conf,efficiency
19.208,4560,166.3890045814
17.671,4560,180.8612981721
16.537,4560,193.2635907359
16.947,4560,188.5879506697
16.376,4560,195.163654128
