time,conf,efficiency
17.878,4542,254.0552634523
16.601,4542,273.5979760255
17.177,4542,264.4233568143
17.635,4542,257.5559965977
17.779,4542,255.4699364419
