time,conf,efficiency
20.638,4975,241.06018025
19.477,4975,255.4294809262
19.739,4975,252.0391103906
19.345,4975,257.172395968
20.113,4975,247.3524586089
