time,conf,efficiency
17.353,4546,261.9719933153
16.41,4546,277.0262035344
16.873,4546,269.4245243881
16.897,4546,269.0418417471
16.822,4546,270.2413506123
