time,conf,efficiency
26.139,6245,238.9150311795
24.303,6245,256.9641608032
25.512,6245,244.7867670116
23.534,6245,265.3607546528
25.705,6245,242.9488426376
