time,confs,efficiency
2148,10,0.0046554935
2181,10,0.0045850527
2150,10,0.0046511628
2155,10,0.0046403712
2170,10,0.0046082949
