time,confs,efficiency
2157,15,0.0069541029
2155,15,0.0069605568
2152,15,0.0069702602
2150,15,0.0069767442
2162,15,0.0069380204
