time,confs,efficiency
2134,8,0.0037488285
2134,8,0.0037488285
2126,8,0.0037629351
2116,8,0.0037807183
2144,8,0.0037313433
