time,confs,efficiency
2145,10,0.0046620047
2159,10,0.004631774
2146,10,0.0046598322
2144,10,0.0046641791
2140,10,0.0046728972
