time,confs,efficiency
2156,11,0.0051020408
2154,11,0.0051067781
2151,11,0.0051139005
2150,11,0.0051162791
2168,11,0.0050738007
