time,confs,efficiency
2137,6,0.0028076743
2138,6,0.0028063611
2133,6,0.0028129395
2139,6,0.0028050491
2300,6,0.0026086957
