time,confs,efficiency
2133,9,0.0042194093
2135,9,0.0042154567
2138,9,0.0042095416
2135,9,0.0042154567
2143,9,0.00419972
