time,confs,efficiency
2137,9,0.0042115115
2147,9,0.0041918957
2135,9,0.0042154567
2137,9,0.0042115115
2155,9,0.0041763341
