time,confs,efficiency
2144,8,0.0041977612
2147,8,0.0037261295
2144,8,0.0037313433
2153,8,0.0037157455
2145,8,0.0037296037
