time,confs,efficiency
2153,11,0.00510915
2149,11,0.0051186598
2177,11,0.005052825
2171,11,0.0050667895
2176,11,0.0050551471
