time,confs,efficiency
2150,6,0.0027906977
2297,6,0.0026121027
2145,6,0.0027972028
2133,6,0.0028129395
2147,6,0.0027945971
