time,confs,efficiency
2412,9,0.0037313433
2135,9,0.0042154567
2147,9,0.0041918957
2132,9,0.0042213884
2157,9,0.0041724618
