time,confs,efficiency
2153,10,0.0046446818
2148,10,0.0046554935
2301,10,0.0043459365
2599,10,0.0038476337
2212,10,0.0045207957
