time,confs,efficiency
2151,10,0.0046490005
2144,10,0.0046641791
2144,10,0.0046641791
2143,10,0.0046663556
2297,10,0.0043535046
