time,confs,efficiency
2139,8,0.0037400655
2142,8,0.0037348273
2149,8,0.0037226617
2138,8,0.0037418148
2139,8,0.0037400655
