time,confs,efficiency
2152,15,0.0069702602
2146,15,0.0069897484
2184,15,0.0068681319
2153,15,0.0069670228
2167,15,0.006922012
