time,confs,efficiency
2300,9,0.0039130435
2138,9,0.0042095416
2136,9,0.0042134831
2133,9,0.0042194093
2151,9,0.0041841004
