time,confs,efficiency
2145,8,0.0037296037
2147,8,0.0037261295
2141,8,0.0037365717
2147,8,0.0037261295
2156,8,0.0037105751
