time,confs,efficiency
2130,11,0.0051643192
2132,11,0.0051594747
2123,11,0.0051813472
2140,11,0.0051401869
2302,11,0.0047784535
