time,confs,efficiency
2157,7,0.003245248
2144,7,0.0032649254
2152,7,0.0032527881
2149,7,0.003257329
2145,7,0.0032634033
