time,confs,efficiency
2183,14,0.0064131929
2153,14,0.0065025546
2299,14,0.0060896042
2149,14,0.006514658
2168,14,0.0064575646
