time,confs,efficiency
2140,15,0.0070093458
2158,15,0.0069508804
2149,15,0.0069799907
2338,15,0.0064157399
2191,15,0.006846189
