time,confs,efficiency
2154,9,0.004178273
2149,9,0.0041879944
2303,9,0.0039079462
2150,9,0.0041860465
2164,9,0.0041589649
