time,confs,efficiency
2145,9,0.0041958042
2138,9,0.0042095416
2134,9,0.0042174321
2140,9,0.0042056075
2142,9,0.0042016807
