time,confs,efficiency
2157,9,0.0041724618
2149,9,0.0041879944
2452,9,0.0036704731
2118,9,0.0042492918
2303,9,0.0039079462
