time,confs,efficiency
2158,11,0.0050973123
2148,11,0.0051210428
2152,11,0.0051115242
2138,11,0.0051449953
2162,11,0.0050878816
