time,confs,efficiency
2147,9,0.0041918957
2148,9,0.0041899441
2145,9,0.0041958042
2151,9,0.0041841004
2212,9,0.0040687161
