Name;Duration;Conf;Efficiency 
model0001.xml;34.004;239;7.028584872367957
model0002.xml;26.003;164;6.3069645810098836
model0003.xml;22.003;133;6.044630277689406
model0004.xml;28.004;188;6.713326667618912
model0005.xml;22.003;148;6.726355496977685
model0006.xml;20.003;121;6.049092636104584
model0007.xml;22.002;159;7.226615762203436
model0008.xml;20.002;155;7.749225077492251
model0009.xml;24.003;190;7.91567720701579
model0010.xml;20.002;139;6.949305069493051