time,confs,efficiency
1836.323,3197,1.7409791197
1844.202,3197,1.7335411197
1851.156,3197,1.7270289484
1852.682,3197,1.7256064451
1858.09,3197,1.7205840406
