time,confs,efficiency
3149.686,4440,1.4096643284
3106.87,4440,1.4290910144
3141.705,4440,1.4132453556
3115.427,4440,1.4251657959
3170.601,4440,1.4003654197
