time,confs,efficiency
1848.579,3190,1.7256498099
1846.995,3190,1.7271297432
1825.061,3190,1.747886783
1863.905,3190,1.7114606163
1873.451,3190,1.7027400236
