time,confs,efficiency
1795.993,3190,1.7761761878
1801.889,3190,1.7703643232
1816.146,3190,1.7564667158
1808.3,3190,1.7640878173
1802.946,3190,1.7693264246
