time,confs,efficiency
2586.556,3555,1.3744144724
2601.538,3555,1.3664993554
2597.533,3555,1.3686062891
2581.29,3555,1.3772183676
2575.948,3555,1.3800744425
