time,confs,efficiency
1843.356,3193,1.7321667654
1860.671,3193,1.7160475979
1862.616,3193,1.714255649
1863.772,3193,1.7131923862
1888.341,3193,1.6909022258
