time,confs,efficiency
3147.845,4419,1.4038175323
3108.761,4419,1.4214666229
3108.327,4419,1.4216650951
3090.788,4419,1.4297324825
3091.063,4419,1.4296052847
