run,time,conf,efficiency
2056.534,3203,1.5574748582,
2071.001,3203,1.5465951006,
2069.916,3203,1.5474057884,
2101.432,3203,1.5241987369,
2098.635,3203,1.5262301448,
