time,confs,efficiency
552.018,403,0.7300486578
549.181,403,0.7338199974
555.159,403,0.7259181604
556.796,403,0.7237839352
545.765,403,0.7384130532
