time,confs,efficiency
2943.976,3638,1.2357437697
2965.66,3638,1.2267083887
2948.368,3638,1.2339029592
2954.182,3638,1.2314745672
2963.128,3638,1.227756614
