time,confs,efficiency
2132,8,0.0037523452
2443,8,0.0032746623
2146,8,0.0037278658
2138,8,0.0037418148
2148,8,0.0037243948
