time,confs,efficiency
2146,9,0.004193849
2144,9,0.0041977612
2150,9,0.0041860465
2148,9,0.0041899441
2162,9,0.0041628122
