time,confs,efficiency
2142,7,0.0032679739
2158,7,0.0032437442
2142,7,0.0032679739
2152,7,0.0032527881
2153,7,0.0032512773
