time,confs,efficiency
2147,13,0.0060549604
2150,13,0.0060465116
2150,13,0.0060465116
2139,13,0.0060776064
2177,13,0.0059715204
