time,confs,efficiency
2297,10,0.0043535046
2441,10,0.0040966817
2148,10,0.0046554935
2150,10,0.0046511628
2143,10,0.0046663556
