time,confs,efficiency
2211,15,0.0067842605
2150,15,0.0069767442
2150,15,0.0069767442
2153,15,0.0069670228
2173,15,0.0069028992
