time,confs,efficiency
2151,9,0.0041841004
2153,9,0.0041802137
2161,9,0.0041647385
2603,9,0.003457549
2169,9,0.0041493776
