time,confs,efficiency
2135,10,0.0046838407
2133,10,0.0046882325
2278,10,0.0043898156
2134,10,0.0046860356
2144,10,0.0046641791
