time,confs,efficiency
2170,10,0.0046082949
2139,10,0.0046750818
2136,10,0.0046816479
2136,10,0.0046816479
2166,10,0.0046168052
